{
  "type": "panel",
  "name": "Image Save",
  "id": "mesak-imagesave-panel",
  "skipDataQuery": true,
  "info": {
    "keywords": ["image","panel"],
    "description": "save image to grafana",
    "author": {
      "name": "Mesak",
      "url": "https://mesak.tw"
    },
    "logos": {
      "small": "logo-ImageSaveLogo.svg",
      "large": "logo-ImageSaveLogo.svg"
    },
    "links": [],
    "screenshots": [],
    "version": "1.0.0",
    "updated": "2023-05-22"
  },
  "dependencies": {
    "grafanaVersion": "7.4.x",
    "grafanaDependency": ">=7.0.0",
    "plugins": []
  }
}
